handle,word,rate,count
HillaryClinton,abolish,-1,2
HillaryClinton,absurd,-1,3
HillaryClinton,absurdity,-1,1
HillaryClinton,abuse,-1,3
HillaryClinton,abusive,-1,2
HillaryClinton,accomplished,1,1
HillaryClinton,accomplishment,1,1
HillaryClinton,accuse,-1,1
HillaryClinton,accuses,-1,1
HillaryClinton,admiration,1,2
HillaryClinton,admire,1,2
HillaryClinton,advanced,1,1
HillaryClinton,advantage,1,5
HillaryClinton,advocate,1,3
HillaryClinton,advocated,1,1
HillaryClinton,afford,1,23
HillaryClinton,affordable,1,16
HillaryClinton,afraid,-1,7
HillaryClinton,alarming,-1,1
HillaryClinton,allegations,-1,1
HillaryClinton,amazing,1,3
HillaryClinton,ambiguity,-1,1
HillaryClinton,anger,-1,1
HillaryClinton,angry,-1,1
HillaryClinton,anomaly,-1,1
HillaryClinton,anxious,-1,1
HillaryClinton,appalled,-1,1
HillaryClinton,appalling,-1,1
HillaryClinton,appeal,1,1
HillaryClinton,appealing,1,1
HillaryClinton,applaud,1,3
HillaryClinton,approve,1,3
HillaryClinton,asinine,-1,1
HillaryClinton,assault,-1,6
HillaryClinton,astonishing,1,1
HillaryClinton,astound,1,1
HillaryClinton,attack,-1,18
HillaryClinton,attacks,-1,9
HillaryClinton,available,1,1
HillaryClinton,awarded,1,1
HillaryClinton,awe,1,1
HillaryClinton,awful,-1,2
HillaryClinton,backbone,1,2
HillaryClinton,backward,-1,1
HillaryClinton,bad,-1,13
HillaryClinton,badly,-1,3
HillaryClinton,bait,-1,3
HillaryClinton,bankrupt,-1,8
HillaryClinton,bargain,1,2
HillaryClinton,beautiful,1,3
HillaryClinton,belittling,-1,1
HillaryClinton,beloved,1,1
HillaryClinton,benefit,1,3
HillaryClinton,benefits,1,12
HillaryClinton,best,1,45
HillaryClinton,betray,-1,1
HillaryClinton,betrays,-1,1
HillaryClinton,better,1,54
HillaryClinton,bias,-1,1
HillaryClinton,bigotry,-1,11
HillaryClinton,bizarre,-1,1
HillaryClinton,blame,-1,3
HillaryClinton,blatantly,-1,1
HillaryClinton,bless,1,1
HillaryClinton,bloody,-1,1
HillaryClinton,blow,-1,1
HillaryClinton,bomb,-1,1
HillaryClinton,bonus,1,1
HillaryClinton,bonuses,1,1
HillaryClinton,boost,1,1
HillaryClinton,boundless,1,1
HillaryClinton,brave,1,7
HillaryClinton,bravo,1,1
HillaryClinton,break,-1,13
HillaryClinton,breaking,-1,8
HillaryClinton,breaks,-1,10
HillaryClinton,breakthroughs,1,1
HillaryClinton,bright,1,1
HillaryClinton,brighter,1,1
HillaryClinton,brilliance,1,1
HillaryClinton,broke,-1,2
HillaryClinton,broken,-1,3
HillaryClinton,brutal,-1,4
HillaryClinton,bullies,-1,2
HillaryClinton,bully,-1,6
HillaryClinton,bullying,-1,3
HillaryClinton,calm,1,2
HillaryClinton,cancer,-1,2
HillaryClinton,capable,1,1
HillaryClinton,catastrophe,-1,1
HillaryClinton,celebrate,1,15
HillaryClinton,champion,1,8
HillaryClinton,charitable,1,3
HillaryClinton,cheating,-1,2
HillaryClinton,cheats,-1,1
HillaryClinton,cherished,1,1
HillaryClinton,choke,-1,1
HillaryClinton,clean,1,12
HillaryClinton,cleaner,1,2
HillaryClinton,clear,1,20
HillaryClinton,clears,1,2
HillaryClinton,commitment,1,6
HillaryClinton,compassion,1,4
HillaryClinton,competitive,1,1
HillaryClinton,complains,-1,1
HillaryClinton,complicated,-1,1
HillaryClinton,comprehensive,1,9
HillaryClinton,concern,-1,2
HillaryClinton,concerned,-1,6
HillaryClinton,condemn,-1,4
HillaryClinton,confession,-1,1
HillaryClinton,confessions,-1,1
HillaryClinton,confidence,1,2
HillaryClinton,conflict,-1,2
HillaryClinton,conflicts,-1,1
HillaryClinton,confront,-1,3
HillaryClinton,congratulate,1,2
HillaryClinton,conservative,-1,1
HillaryClinton,consistently,1,2
HillaryClinton,conspiracy,-1,8
HillaryClinton,contempt,-1,1
HillaryClinton,cool,1,2
HillaryClinton,correct,1,2
HillaryClinton,corruption,-1,1
HillaryClinton,courage,1,13
HillaryClinton,coward,-1,1
HillaryClinton,cozy,1,3
HillaryClinton,crack,-1,3
HillaryClinton,cracks,-1,1
HillaryClinton,crash,-1,6
HillaryClinton,crashed,-1,3
HillaryClinton,crime,-1,4
HillaryClinton,criminal,-1,9
HillaryClinton,crisis,-1,16
HillaryClinton,critical,-1,4
HillaryClinton,criticism,-1,1
HillaryClinton,criticize,-1,1
HillaryClinton,criticized,-1,5
HillaryClinton,critics,-1,1
HillaryClinton,cruel,-1,2
HillaryClinton,crushing,-1,1
HillaryClinton,cynical,-1,1
HillaryClinton,cynicism,-1,1
HillaryClinton,damage,-1,2
HillaryClinton,damn,-1,1
HillaryClinton,damning,-1,1
HillaryClinton,danger,-1,1
HillaryClinton,dangerous,-1,26
HillaryClinton,dark,-1,2
HillaryClinton,daunting,-1,3
HillaryClinton,dauntless,1,1
HillaryClinton,dead,-1,1
HillaryClinton,deadly,-1,2
HillaryClinton,death,-1,6
HillaryClinton,debt,-1,33
HillaryClinton,debts,-1,1
HillaryClinton,decent,1,4
HillaryClinton,decline,-1,1
HillaryClinton,dedicated,1,1
HillaryClinton,defeat,1,13
HillaryClinton,defeated,1,1
HillaryClinton,defeating,1,3
HillaryClinton,defects,-1,1
HillaryClinton,defender,1,1
HillaryClinton,delay,-1,1
HillaryClinton,demeaning,-1,1
HillaryClinton,demonize,-1,2
HillaryClinton,demonizing,-1,1
HillaryClinton,denial,-1,1
HillaryClinton,denigrate,-1,1
HillaryClinton,deny,-1,2
HillaryClinton,denying,-1,3
HillaryClinton,deplorable,-1,5
HillaryClinton,depression,-1,1
HillaryClinton,deride,-1,1
HillaryClinton,despair,-1,1
HillaryClinton,desperately,-1,1
HillaryClinton,despicable,-1,1
HillaryClinton,destiny,1,1
HillaryClinton,destroy,-1,5
HillaryClinton,devastate,-1,1
HillaryClinton,devastating,-1,6
HillaryClinton,devil,-1,1
HillaryClinton,die,-1,2
HillaryClinton,died,-1,5
HillaryClinton,difficult,-1,3
HillaryClinton,dignity,1,6
HillaryClinton,diplomatic,1,1
HillaryClinton,dirty,-1,1
HillaryClinton,disabled,-1,1
HillaryClinton,disagree,-1,1
HillaryClinton,disagrees,-1,1
HillaryClinton,disappointed,-1,1
HillaryClinton,disaster,-1,4
HillaryClinton,disastrous,-1,2
HillaryClinton,disavow,-1,2
HillaryClinton,discriminate,-1,2
HillaryClinton,discrimination,-1,12
HillaryClinton,disgrace,-1,1
HillaryClinton,disgusting,-1,2
HillaryClinton,dismal,-1,1
HillaryClinton,disparage,-1,1
HillaryClinton,disparaging,-1,2
HillaryClinton,displaced,-1,1
HillaryClinton,disrespect,-1,4
HillaryClinton,disrespectful,-1,1
HillaryClinton,distinction,1,1
HillaryClinton,distinguished,1,1
HillaryClinton,distract,-1,1
HillaryClinton,distracting,-1,1
HillaryClinton,disturbing,-1,2
HillaryClinton,divisive,-1,10
HillaryClinton,doubt,-1,6
HillaryClinton,doubts,-1,2
HillaryClinton,drag,-1,1
HillaryClinton,drastic,-1,1
HillaryClinton,drought,-1,1
HillaryClinton,drowning,-1,1
HillaryClinton,dust,-1,1
HillaryClinton,dynamic,1,1
HillaryClinton,eagerly,1,1
HillaryClinton,easier,1,15
HillaryClinton,easy,1,3
HillaryClinton,effective,1,3
HillaryClinton,effectively,1,1
HillaryClinton,emergency,-1,6
HillaryClinton,empathy,1,3
HillaryClinton,empower,1,1
HillaryClinton,empowerment,1,1
HillaryClinton,encouraging,1,2
HillaryClinton,endorse,1,4
HillaryClinton,endorsed,1,7
HillaryClinton,endorsement,1,4
HillaryClinton,endorses,1,9
HillaryClinton,endorsing,1,7
HillaryClinton,enemies,-1,1
HillaryClinton,enemy,-1,1
HillaryClinton,enhanced,1,1
HillaryClinton,enjoy,1,2
HillaryClinton,enjoyed,1,1
HillaryClinton,enjoying,1,1
HillaryClinton,enough,1,22
HillaryClinton,epidemic,-1,5
HillaryClinton,eulogize,1,1
HillaryClinton,exceeded,1,1
HillaryClinton,exceptional,1,2
HillaryClinton,excessive,-1,1
HillaryClinton,excited,1,3
HillaryClinton,exciting,1,2
HillaryClinton,expansive,1,1
HillaryClinton,expensive,-1,2
HillaryClinton,exploit,-1,2
HillaryClinton,fail,-1,2
HillaryClinton,failed,-1,5
HillaryClinton,failing,-1,5
HillaryClinton,fails,-1,1
HillaryClinton,failure,-1,2
HillaryClinton,fair,1,15
HillaryClinton,fairly,1,1
HillaryClinton,fairness,1,3
HillaryClinton,faith,1,11
HillaryClinton,faithful,1,1
HillaryClinton,fake,-1,2
HillaryClinton,fall,-1,8
HillaryClinton,fallen,-1,3
HillaryClinton,falling,-1,1
HillaryClinton,falls,-1,5
HillaryClinton,falter,-1,1
HillaryClinton,famous,1,2
HillaryClinton,famously,1,1
HillaryClinton,fans,1,2
HillaryClinton,fantastic,1,1
HillaryClinton,fastest,1,1
HillaryClinton,fat,-1,1
HillaryClinton,faults,-1,1
HillaryClinton,favor,1,2
HillaryClinton,favorite,1,5
HillaryClinton,fear,-1,19
HillaryClinton,fearful,-1,1
HillaryClinton,fears,-1,2
HillaryClinton,fierce,-1,1
HillaryClinton,fine,1,2
HillaryClinton,finest,1,2
HillaryClinton,flashy,1,1
HillaryClinton,fleeing,-1,1
HillaryClinton,fool,-1,1
HillaryClinton,fortunate,1,1
HillaryClinton,fraud,-1,5
HillaryClinton,fraudulent,-1,1
HillaryClinton,free,1,15
HillaryClinton,freedom,1,10
HillaryClinton,freedoms,1,1
HillaryClinton,fresh,1,1
HillaryClinton,friction,-1,1
HillaryClinton,fun,1,2
HillaryClinton,funny,-1,1
HillaryClinton,furious,-1,1
HillaryClinton,gain,1,4
HillaryClinton,gained,1,4
HillaryClinton,gall,-1,1
HillaryClinton,gem,1,1
HillaryClinton,generous,1,1
HillaryClinton,glad,1,3
HillaryClinton,gold,1,23
HillaryClinton,golden,1,1
HillaryClinton,good,1,64
HillaryClinton,grace,1,1
HillaryClinton,grapple,-1,1
HillaryClinton,grateful,1,9
HillaryClinton,gratitude,1,3
HillaryClinton,great,1,61
HillaryClinton,greatest,1,10
HillaryClinton,greatness,1,1
HillaryClinton,greed,-1,1
HillaryClinton,grieving,-1,1
HillaryClinton,guarantee,1,4
HillaryClinton,hail,1,1
HillaryClinton,hangs,-1,2
HillaryClinton,happier,1,1
HillaryClinton,happy,1,23
HillaryClinton,hard,-1,33
HillaryClinton,harm,-1,1
HillaryClinton,harmful,-1,3
HillaryClinton,hate,-1,31
HillaryClinton,hated,-1,1
HillaryClinton,hateful,-1,11
HillaryClinton,haters,-1,1
HillaryClinton,hatred,-1,6
HillaryClinton,heal,1,4
HillaryClinton,healthy,1,4
HillaryClinton,heartbreaking,-1,3
HillaryClinton,heartless,-1,1
HillaryClinton,hedge,-1,2
HillaryClinton,heinous,-1,2
HillaryClinton,hell,-1,5
HillaryClinton,helped,1,9
HillaryClinton,helpful,1,3
HillaryClinton,helping,1,9
HillaryClinton,helpless,-1,1
HillaryClinton,hero,1,1
HillaryClinton,heroic,1,1
HillaryClinton,heros,1,1
HillaryClinton,hoax,-1,1
HillaryClinton,honest,1,3
HillaryClinton,honor,1,11
HillaryClinton,honored,1,8
HillaryClinton,honoring,1,2
HillaryClinton,horrible,-1,3
HillaryClinton,horrific,-1,3
HillaryClinton,horrifying,-1,1
HillaryClinton,hot,1,1
HillaryClinton,humble,1,1
HillaryClinton,humility,1,2
HillaryClinton,hurt,-1,12
HillaryClinton,hurting,-1,1
HillaryClinton,hurts,-1,4
HillaryClinton,hypocrisy,-1,1
HillaryClinton,ignorance,-1,1
HillaryClinton,ignorant,-1,3
HillaryClinton,ignore,-1,1
HillaryClinton,illegal,-1,1
HillaryClinton,illness,-1,2
HillaryClinton,immoral,-1,1
HillaryClinton,important,1,21
HillaryClinton,impressed,1,2
HillaryClinton,improve,1,2
HillaryClinton,improvements,1,1
HillaryClinton,improving,1,1
HillaryClinton,impulsively,-1,1
HillaryClinton,inaccurate,-1,1
HillaryClinton,inaction,-1,2
HillaryClinton,incoherent,-1,2
HillaryClinton,inconvenience,-1,2
HillaryClinton,incredible,1,4
HillaryClinton,incredibly,1,5
HillaryClinton,indebted,1,1
HillaryClinton,indifference,-1,1
HillaryClinton,indifferent,-1,2
HillaryClinton,inequality,-1,3
HillaryClinton,inflammatory,-1,1
HillaryClinton,ingenuity,1,1
HillaryClinton,inhumane,-1,1
HillaryClinton,injustice,-1,8
HillaryClinton,innovation,1,2
HillaryClinton,innovative,1,1
HillaryClinton,innuendo,-1,1
HillaryClinton,insane,-1,1
HillaryClinton,insecurity,-1,1
HillaryClinton,inspiration,1,1
HillaryClinton,inspire,1,2
HillaryClinton,inspiring,1,1
HillaryClinton,insult,-1,3
HillaryClinton,insulted,-1,1
HillaryClinton,insulting,-1,2
HillaryClinton,insults,-1,9
HillaryClinton,integrated,1,1
HillaryClinton,intelligence,1,1
HillaryClinton,interests,1,8
HillaryClinton,intimidate,-1,1
HillaryClinton,intimidation,-1,1
HillaryClinton,intolerable,-1,2
HillaryClinton,intolerance,-1,3
HillaryClinton,invincible,1,1
HillaryClinton,irresponsible,-1,1
HillaryClinton,issue,-1,5
HillaryClinton,issues,-1,14
HillaryClinton,joke,-1,1
HillaryClinton,joy,1,2
HillaryClinton,joyful,1,1
HillaryClinton,joyous,1,1
HillaryClinton,kill,-1,1
HillaryClinton,killed,-1,9
HillaryClinton,killing,-1,3
HillaryClinton,kills,-1,1
HillaryClinton,kindness,1,7
HillaryClinton,knock,-1,3
HillaryClinton,kudos,1,1
HillaryClinton,lack,-1,1
HillaryClinton,lawless,-1,1
HillaryClinton,lead,1,13
HillaryClinton,leading,1,8
HillaryClinton,leads,1,7
HillaryClinton,lean,1,1
HillaryClinton,led,1,6
HillaryClinton,legendary,1,1
HillaryClinton,lengthy,-1,1
HillaryClinton,liability,-1,4
HillaryClinton,liar,-1,1
HillaryClinton,liberty,1,3
HillaryClinton,lie,-1,7
HillaryClinton,lied,-1,5
HillaryClinton,lies,-1,7
HillaryClinton,like,1,108
HillaryClinton,likes,1,4
HillaryClinton,limit,-1,1
HillaryClinton,limited,-1,1
HillaryClinton,limits,-1,1
HillaryClinton,lone,-1,1
HillaryClinton,loophole,-1,4
HillaryClinton,loopholes,-1,2
HillaryClinton,loose,-1,4
HillaryClinton,lose,-1,14
HillaryClinton,losers,-1,1
HillaryClinton,loses,-1,1
HillaryClinton,losing,-1,7
HillaryClinton,loss,-1,4
HillaryClinton,losses,-1,3
HillaryClinton,lost,-1,15
HillaryClinton,loud,-1,2
HillaryClinton,louder,-1,1
HillaryClinton,love,1,50
HillaryClinton,loved,1,6
HillaryClinton,loves,1,2
HillaryClinton,loving,1,6
HillaryClinton,luck,1,3
HillaryClinton,luxury,1,2
HillaryClinton,lying,-1,8
HillaryClinton,mad,-1,2
HillaryClinton,magic,1,1
HillaryClinton,magnificent,1,1
HillaryClinton,mastery,1,1
HillaryClinton,maturity,1,1
HillaryClinton,meager,-1,1
HillaryClinton,meaningful,1,1
HillaryClinton,memorable,1,2
HillaryClinton,misguided,-1,1
HillaryClinton,miss,-1,10
HillaryClinton,missed,-1,2
HillaryClinton,mistake,-1,4
HillaryClinton,mistakes,-1,2
HillaryClinton,mocking,-1,1
HillaryClinton,mocks,-1,2
HillaryClinton,modern,1,1
HillaryClinton,mourn,-1,1
HillaryClinton,murder,-1,2
HillaryClinton,naive,-1,1
HillaryClinton,nasty,-1,1
HillaryClinton,negative,-1,2
HillaryClinton,nervous,-1,1
HillaryClinton,nice,1,3
HillaryClinton,notorious,-1,2
HillaryClinton,obstruction,-1,1
HillaryClinton,offensive,-1,4
HillaryClinton,openly,1,6
HillaryClinton,opponent,-1,7
HillaryClinton,oppose,-1,3
HillaryClinton,opposition,-1,1
HillaryClinton,optimism,1,2
HillaryClinton,optimistic,1,1
HillaryClinton,outbreak,-1,1
HillaryClinton,outlaw,-1,1
HillaryClinton,outrage,-1,1
HillaryClinton,outraged,-1,1
HillaryClinton,outrageous,-1,3
HillaryClinton,outrageously,-1,1
HillaryClinton,outsider,-1,1
HillaryClinton,overdue,-1,4
HillaryClinton,overturn,-1,3
HillaryClinton,overwhelmed,-1,1
HillaryClinton,overwhelming,-1,1
HillaryClinton,pain,-1,1
HillaryClinton,painful,-1,1
HillaryClinton,paranoia,-1,3
HillaryClinton,partisan,-1,1
HillaryClinton,passion,1,5
HillaryClinton,passionate,1,2
HillaryClinton,passionately,1,1
HillaryClinton,patriotic,1,1
HillaryClinton,peace,1,1
HillaryClinton,peaceful,1,2
HillaryClinton,peacefully,1,1
HillaryClinton,perfect,1,6
HillaryClinton,perfectly,1,1
HillaryClinton,persecution,-1,1
HillaryClinton,personalized,1,1
HillaryClinton,pessimistic,-1,2
HillaryClinton,phony,-1,1
HillaryClinton,pigs,-1,1
HillaryClinton,pleased,1,2
HillaryClinton,ploy,-1,1
HillaryClinton,poor,-1,3
HillaryClinton,positive,1,3
HillaryClinton,poverty,-1,12
HillaryClinton,powerful,1,7
HillaryClinton,praise,1,5
HillaryClinton,praising,1,2
HillaryClinton,predatory,-1,1
HillaryClinton,prejudice,-1,6
HillaryClinton,prestigious,1,1
HillaryClinton,pretty,1,12
HillaryClinton,pride,1,8
HillaryClinton,principled,1,2
HillaryClinton,privilege,1,1
HillaryClinton,prize,1,1
HillaryClinton,problem,-1,16
HillaryClinton,problems,-1,9
HillaryClinton,productive,1,2
HillaryClinton,profound,1,1
HillaryClinton,profoundly,1,2
HillaryClinton,progress,1,22
HillaryClinton,progressive,1,12
HillaryClinton,prominence,1,1
HillaryClinton,promise,1,6
HillaryClinton,promised,1,2
HillaryClinton,promises,1,2
HillaryClinton,promising,1,1
HillaryClinton,prosperity,1,1
HillaryClinton,prosperous,1,3
HillaryClinton,protect,1,20
HillaryClinton,protection,1,1
HillaryClinton,proud,1,46
HillaryClinton,proven,1,6
HillaryClinton,proves,1,4
HillaryClinton,provoke,-1,1
HillaryClinton,qualified,1,21
HillaryClinton,questionable,-1,1
HillaryClinton,quiet,1,2
HillaryClinton,quitter,-1,1
HillaryClinton,racism,-1,14
HillaryClinton,racist,-1,9
HillaryClinton,racists,-1,1
HillaryClinton,radical,-1,1
HillaryClinton,rant,-1,1
HillaryClinton,rants,-1,1
HillaryClinton,rational,1,1
HillaryClinton,ready,1,33
HillaryClinton,reaffirm,1,1
HillaryClinton,realistic,1,1
HillaryClinton,rebuke,-1,2
HillaryClinton,recession,-1,5
HillaryClinton,reckless,-1,9
HillaryClinton,recommend,1,1
HillaryClinton,recovery,1,1
HillaryClinton,reform,1,18
HillaryClinton,refuse,-1,2
HillaryClinton,refused,-1,5
HillaryClinton,refuses,-1,5
HillaryClinton,refusing,-1,8
HillaryClinton,regret,-1,3
HillaryClinton,regrets,-1,1
HillaryClinton,reject,-1,7
HillaryClinton,relent,1,1
HillaryClinton,relentless,-1,1
HillaryClinton,relief,1,5
HillaryClinton,renaissance,1,1
HillaryClinton,repudiate,-1,2
HillaryClinton,repulsive,-1,1
HillaryClinton,resentment,-1,1
HillaryClinton,resilient,1,2
HillaryClinton,respect,1,19
HillaryClinton,restrict,-1,2
HillaryClinton,restrictive,-1,3
HillaryClinton,retreat,-1,1
HillaryClinton,revolutionize,1,1
HillaryClinton,reward,1,2
HillaryClinton,rhetoric,-1,16
HillaryClinton,rich,1,10
HillaryClinton,richer,1,1
HillaryClinton,richness,1,1
HillaryClinton,ridiculous,-1,4
HillaryClinton,right,1,61
HillaryClinton,rip,-1,2
HillaryClinton,ripped,-1,1
HillaryClinton,risk,-1,9
HillaryClinton,risks,-1,1
HillaryClinton,risky,-1,1
HillaryClinton,sabotage,-1,1
HillaryClinton,sad,-1,5
HillaryClinton,safe,1,20
HillaryClinton,salute,1,1
HillaryClinton,satisfied,1,1
HillaryClinton,savagery,-1,1
HillaryClinton,savings,1,5
HillaryClinton,scam,-1,4
HillaryClinton,scapegoat,-1,1
HillaryClinton,scary,-1,1
HillaryClinton,secure,1,2
HillaryClinton,selfishness,-1,1
HillaryClinton,senseless,-1,4
HillaryClinton,sever,-1,1
HillaryClinton,shameful,-1,2
HillaryClinton,shatter,-1,2
HillaryClinton,shocked,-1,1
HillaryClinton,shockingly,-1,1
HillaryClinton,shortchange,-1,1
HillaryClinton,sick,-1,4
HillaryClinton,significant,1,1
HillaryClinton,silent,1,2
HillaryClinton,sin,-1,1
HillaryClinton,sink,-1,2
HillaryClinton,skill,1,3
HillaryClinton,sleazy,-1,1
HillaryClinton,smart,1,7
HillaryClinton,smear,-1,1
HillaryClinton,smile,1,2
HillaryClinton,smiles,1,1
HillaryClinton,snarky,-1,1
HillaryClinton,sober,-1,1
HillaryClinton,solemn,-1,1
HillaryClinton,solid,1,1
HillaryClinton,solidarity,1,2
HillaryClinton,sorrow,-1,1
HillaryClinton,sorry,-1,3
HillaryClinton,spirited,1,1
HillaryClinton,spite,-1,1
HillaryClinton,split,-1,3
HillaryClinton,stable,1,1
HillaryClinton,stark,-1,2
HillaryClinton,starvation,-1,1
HillaryClinton,steadiness,1,4
HillaryClinton,steady,1,5
HillaryClinton,stew,-1,1
HillaryClinton,stiff,-1,1
HillaryClinton,stigma,-1,1
HillaryClinton,strain,-1,1
HillaryClinton,strange,-1,1
HillaryClinton,stress,-1,1
HillaryClinton,striving,1,2
HillaryClinton,strong,1,21
HillaryClinton,stronger,1,43
HillaryClinton,strongest,1,1
HillaryClinton,struck,-1,2
HillaryClinton,struggle,-1,7
HillaryClinton,struggles,-1,2
HillaryClinton,struggling,-1,8
HillaryClinton,stumbled,-1,1
HillaryClinton,stunning,1,1
HillaryClinton,stunningly,1,1
HillaryClinton,stupid,-1,1
HillaryClinton,substantive,1,2
HillaryClinton,succeed,1,7
HillaryClinton,success,1,7
HillaryClinton,successful,1,2
HillaryClinton,succumb,-1,1
HillaryClinton,sued,-1,6
HillaryClinton,suffered,-1,1
HillaryClinton,suicide,-1,2
HillaryClinton,super,1,1
HillaryClinton,support,1,36
HillaryClinton,supported,1,6
HillaryClinton,supporter,1,3
HillaryClinton,supporting,1,13
HillaryClinton,supports,1,4
HillaryClinton,supremacy,1,1
HillaryClinton,supreme,1,4
HillaryClinton,surrender,-1,1
HillaryClinton,survivor,1,1
HillaryClinton,swanky,1,1
HillaryClinton,talent,1,1
HillaryClinton,talents,1,1
HillaryClinton,tank,-1,1
HillaryClinton,tantrum,-1,2
HillaryClinton,temper,-1,3
HillaryClinton,terrible,-1,7
HillaryClinton,terror,-1,5
HillaryClinton,terrorism,-1,5
HillaryClinton,thank,1,46
HillaryClinton,thoughtful,1,1
HillaryClinton,thoughtfulness,1,1
HillaryClinton,threat,-1,13
HillaryClinton,threaten,-1,1
HillaryClinton,threats,-1,2
HillaryClinton,thrilled,1,5
HillaryClinton,tired,-1,1
HillaryClinton,toll,-1,1
HillaryClinton,top,1,13
HillaryClinton,torture,-1,2
HillaryClinton,tough,1,14
HillaryClinton,toughest,1,1
HillaryClinton,toughness,-1,3
HillaryClinton,toxic,-1,1
HillaryClinton,tragedy,-1,3
HillaryClinton,trash,-1,5
HillaryClinton,trick,-1,1
HillaryClinton,triumph,1,1
HillaryClinton,trump,1,664
HillaryClinton,trust,1,11
HillaryClinton,trusted,1,5
HillaryClinton,trusting,1,1
HillaryClinton,ugliest,-1,1
HillaryClinton,ugliness,-1,1
HillaryClinton,ugly,-1,2
HillaryClinton,unacceptable,-1,2
HillaryClinton,unbearable,-1,1
HillaryClinton,unbeatable,1,1
HillaryClinton,unclear,-1,1
HillaryClinton,undermine,-1,2
HillaryClinton,undermines,-1,1
HillaryClinton,undermining,-1,3
HillaryClinton,undocumented,-1,5
HillaryClinton,undone,-1,1
HillaryClinton,unequal,-1,1
HillaryClinton,unfit,-1,18
HillaryClinton,unfortunate,-1,1
HillaryClinton,unfortunately,-1,1
HillaryClinton,unity,1,4
HillaryClinton,unjustified,-1,1
HillaryClinton,unknown,-1,1
HillaryClinton,unmatched,1,1
HillaryClinton,unqualified,-1,7
HillaryClinton,unrelenting,-1,1
HillaryClinton,unscrupulously,-1,1
HillaryClinton,untrue,-1,1
HillaryClinton,uphold,1,1
HillaryClinton,vague,-1,1
HillaryClinton,vice,-1,13
HillaryClinton,victory,1,7
HillaryClinton,vigilant,1,1
HillaryClinton,vilify,-1,1
HillaryClinton,violent,-1,2
HillaryClinton,virus,-1,2
HillaryClinton,volatile,-1,1
HillaryClinton,vulnerable,-1,3
HillaryClinton,waste,-1,3
HillaryClinton,weakness,-1,1
HillaryClinton,wealthy,1,3
HillaryClinton,weary,-1,1
HillaryClinton,welcome,1,5
HillaryClinton,well,1,27
HillaryClinton,wellbeing,1,1
HillaryClinton,wild,-1,1
HillaryClinton,willing,1,6
HillaryClinton,win,1,49
HillaryClinton,winner,1,2
HillaryClinton,winning,1,6
HillaryClinton,wins,1,5
HillaryClinton,wisdom,1,1
HillaryClinton,wise,1,1
HillaryClinton,won,1,14
HillaryClinton,wonder,1,6
HillaryClinton,wonderful,1,4
HillaryClinton,work,1,72
HillaryClinton,worked,1,5
HillaryClinton,works,1,15
HillaryClinton,worried,-1,2
HillaryClinton,worries,-1,1
HillaryClinton,worse,-1,3
HillaryClinton,worst,-1,5
HillaryClinton,worth,1,4
HillaryClinton,worthless,-1,1
HillaryClinton,worthy,1,1
HillaryClinton,wound,-1,1
HillaryClinton,wow,1,1
HillaryClinton,wrong,-1,36
realDonaldTrump,abolish,-1,2
realDonaldTrump,accurate,1,1
realDonaldTrump,admire,1,2
realDonaldTrump,adore,1,1
realDonaldTrump,advantage,1,1
realDonaldTrump,affection,1,1
realDonaldTrump,amazing,1,36
realDonaldTrump,amazingly,1,1
realDonaldTrump,anger,-1,2
realDonaldTrump,angry,-1,4
realDonaldTrump,appreciate,1,5
realDonaldTrump,appreciated,1,4
realDonaldTrump,approve,1,1
realDonaldTrump,ashamed,-1,3
realDonaldTrump,attack,-1,12
realDonaldTrump,attacks,-1,7
realDonaldTrump,available,1,4
realDonaldTrump,awesome,1,3
realDonaldTrump,bad,-1,70
realDonaldTrump,badly,-1,16
realDonaldTrump,bankrupt,-1,1
realDonaldTrump,bashing,-1,1
realDonaldTrump,beautiful,1,6
realDonaldTrump,belittle,-1,2
realDonaldTrump,beloved,1,1
realDonaldTrump,benefactor,1,1
realDonaldTrump,benefit,1,1
realDonaldTrump,benefits,1,1
realDonaldTrump,best,1,13
realDonaldTrump,betray,-1,1
realDonaldTrump,better,1,14
realDonaldTrump,bias,-1,2
realDonaldTrump,biased,-1,14
realDonaldTrump,bless,1,2
realDonaldTrump,blow,-1,2
realDonaldTrump,bomb,-1,2
realDonaldTrump,boring,-1,5
realDonaldTrump,brave,1,1
realDonaldTrump,bravery,1,1
realDonaldTrump,breach,-1,1
realDonaldTrump,breakdown,-1,1
realDonaldTrump,breaking,-1,3
realDonaldTrump,bribery,-1,1
realDonaldTrump,bright,1,2
realDonaldTrump,brilliant,1,4
realDonaldTrump,broke,-1,3
realDonaldTrump,broken,-1,2
realDonaldTrump,bully,-1,1
realDonaldTrump,burn,-1,1
realDonaldTrump,burned,-1,2
realDonaldTrump,burning,-1,1
realDonaldTrump,calm,1,1
realDonaldTrump,capable,1,1
realDonaldTrump,catastrophic,-1,1
realDonaldTrump,celebrate,1,1
realDonaldTrump,champion,1,4
realDonaldTrump,chaos,-1,1
realDonaldTrump,cheating,-1,1
realDonaldTrump,classy,1,1
realDonaldTrump,clean,1,2
realDonaldTrump,clear,1,2
realDonaldTrump,cold,-1,2
realDonaldTrump,collude,-1,1
realDonaldTrump,collusion,-1,1
realDonaldTrump,condemned,-1,1
realDonaldTrump,confused,-1,1
realDonaldTrump,conservative,-1,3
realDonaldTrump,consistently,1,1
realDonaldTrump,controversy,-1,1
realDonaldTrump,correct,1,5
realDonaldTrump,corrupt,-1,11
realDonaldTrump,corrupted,-1,1
realDonaldTrump,corruption,-1,3
realDonaldTrump,courage,1,1
realDonaldTrump,courageous,1,2
realDonaldTrump,crashed,-1,1
realDonaldTrump,crashing,-1,1
realDonaldTrump,crazy,-1,9
realDonaldTrump,credible,1,1
realDonaldTrump,crime,-1,15
realDonaldTrump,criminal,-1,3
realDonaldTrump,crisis,-1,1
realDonaldTrump,criticized,-1,2
realDonaldTrump,criticizing,-1,1
realDonaldTrump,crooked,-1,180
realDonaldTrump,crumbling,-1,1
realDonaldTrump,crush,-1,1
realDonaldTrump,crushed,-1,1
realDonaldTrump,danger,-1,2
realDonaldTrump,dangerous,-1,4
realDonaldTrump,dead,-1,10
realDonaldTrump,debt,-1,5
realDonaldTrump,defeat,1,3
realDonaldTrump,depression,-1,1
realDonaldTrump,despair,-1,1
realDonaldTrump,desperate,-1,5
realDonaldTrump,desperately,-1,1
realDonaldTrump,desperation,-1,1
realDonaldTrump,destiny,1,1
realDonaldTrump,destroy,-1,8
realDonaldTrump,destruction,-1,2
realDonaldTrump,destructive,-1,1
realDonaldTrump,devastated,-1,2
realDonaldTrump,devastating,-1,1
realDonaldTrump,devastation,-1,1
realDonaldTrump,died,-1,2
realDonaldTrump,dim,-1,1
realDonaldTrump,dirty,-1,1
realDonaldTrump,disabled,-1,1
realDonaldTrump,disappoint,-1,1
realDonaldTrump,disapproval,-1,1
realDonaldTrump,disarray,-1,1
realDonaldTrump,disaster,-1,14
realDonaldTrump,disastrous,-1,3
realDonaldTrump,discord,-1,1
realDonaldTrump,disgrace,-1,4
realDonaldTrump,disgraceful,-1,1
realDonaldTrump,disgusting,-1,5
realDonaldTrump,dishonest,-1,33
realDonaldTrump,dishonesty,-1,1
realDonaldTrump,dislike,-1,1
realDonaldTrump,disrespect,-1,2
realDonaldTrump,disrespectful,-1,1
realDonaldTrump,disrupt,-1,1
realDonaldTrump,distort,-1,1
realDonaldTrump,distorted,-1,1
realDonaldTrump,distortion,-1,1
realDonaldTrump,distract,-1,1
realDonaldTrump,dope,-1,2
realDonaldTrump,doubt,-1,2
realDonaldTrump,dumb,-1,12
realDonaldTrump,dying,-1,1
realDonaldTrump,easier,1,1
realDonaldTrump,easy,1,2
realDonaldTrump,effective,1,1
realDonaldTrump,embarrassing,-1,1
realDonaldTrump,endorse,1,2
realDonaldTrump,endorsed,1,11
realDonaldTrump,endorsement,1,16
realDonaldTrump,endorsing,1,2
realDonaldTrump,enemies,-1,2
realDonaldTrump,enemy,-1,1
realDonaldTrump,enhance,1,1
realDonaldTrump,enjoy,1,53
realDonaldTrump,enjoyed,1,3
realDonaldTrump,enjoying,1,2
realDonaldTrump,enough,1,1
realDonaldTrump,enslave,-1,1
realDonaldTrump,enthusiasm,1,4
realDonaldTrump,enthusiastic,1,2
realDonaldTrump,erratic,-1,1
realDonaldTrump,ethical,1,1
realDonaldTrump,evil,-1,1
realDonaldTrump,evils,-1,1
realDonaldTrump,excited,1,1
realDonaldTrump,excitement,1,1
realDonaldTrump,exciting,1,4
realDonaldTrump,excuse,-1,1
realDonaldTrump,exhausted,-1,4
realDonaldTrump,explode,-1,1
realDonaldTrump,extortion,-1,1
realDonaldTrump,extraordinary,1,2
realDonaldTrump,fail,-1,2
realDonaldTrump,failed,-1,13
realDonaldTrump,failing,-1,31
realDonaldTrump,fails,-1,1
realDonaldTrump,failure,-1,3
realDonaldTrump,fair,1,4
realDonaldTrump,fairly,1,1
realDonaldTrump,faith,1,2
realDonaldTrump,fake,-1,2
realDonaldTrump,fallen,-1,1
realDonaldTrump,falling,-1,2
realDonaldTrump,falls,-1,1
realDonaldTrump,fame,1,2
realDonaldTrump,fans,1,3
realDonaldTrump,fantastic,1,14
realDonaldTrump,fast,1,3
realDonaldTrump,favor,1,3
realDonaldTrump,favorable,1,1
realDonaldTrump,favorite,1,1
realDonaldTrump,fear,-1,1
realDonaldTrump,fearless,1,1
realDonaldTrump,fell,-1,2
realDonaldTrump,fiction,-1,5
realDonaldTrump,fine,1,1
realDonaldTrump,flake,-1,2
realDonaldTrump,flexible,1,1
realDonaldTrump,fool,-1,1
realDonaldTrump,fortunately,1,2
realDonaldTrump,fortune,1,4
realDonaldTrump,fraud,-1,10
realDonaldTrump,fraudulent,-1,2
realDonaldTrump,free,1,5
realDonaldTrump,freedom,1,2
realDonaldTrump,freedoms,1,1
realDonaldTrump,frozen,-1,1
realDonaldTrump,fun,1,4
realDonaldTrump,funny,-1,7
realDonaldTrump,furious,-1,1
realDonaldTrump,gained,1,1
realDonaldTrump,gains,1,1
realDonaldTrump,garbage,-1,1
realDonaldTrump,gasp,-1,1
realDonaldTrump,genius,1,1
realDonaldTrump,genuine,1,1
realDonaldTrump,glorious,1,1
realDonaldTrump,glowingly,1,1
realDonaldTrump,gold,1,1
realDonaldTrump,good,1,40
realDonaldTrump,goofy,-1,23
realDonaldTrump,gracious,1,1
realDonaldTrump,grateful,1,1
realDonaldTrump,great,1,272
realDonaldTrump,greatest,1,4
realDonaldTrump,grieve,-1,1
realDonaldTrump,guarantee,1,1
realDonaldTrump,guidance,1,1
realDonaldTrump,guilty,-1,2
realDonaldTrump,hack,-1,1
realDonaldTrump,happily,1,2
realDonaldTrump,happy,1,13
realDonaldTrump,hard,-1,16
realDonaldTrump,hate,-1,4
realDonaldTrump,hated,-1,2
realDonaldTrump,haters,-1,3
realDonaldTrump,hates,-1,2
realDonaldTrump,hedge,-1,1
realDonaldTrump,hell,-1,3
realDonaldTrump,helped,1,4
realDonaldTrump,helping,1,1
realDonaldTrump,hero,1,2
realDonaldTrump,hoax,-1,1
realDonaldTrump,honest,1,1
realDonaldTrump,honesty,1,1
realDonaldTrump,honor,1,19
realDonaldTrump,honored,1,7
realDonaldTrump,horrible,-1,8
realDonaldTrump,horrific,-1,4
realDonaldTrump,hostage,-1,2
realDonaldTrump,hostile,-1,3
realDonaldTrump,hurt,-1,4
realDonaldTrump,hurting,-1,1
realDonaldTrump,hurts,-1,3
realDonaldTrump,hypocrite,-1,1
realDonaldTrump,hysteria,-1,1
realDonaldTrump,ignorance,-1,1
realDonaldTrump,illegal,-1,11
realDonaldTrump,illegally,-1,1
realDonaldTrump,important,1,5
realDonaldTrump,impossible,-1,3
realDonaldTrump,impressed,1,3
realDonaldTrump,inaccurate,-1,3
realDonaldTrump,inaccurately,-1,1
realDonaldTrump,incapable,-1,1
realDonaldTrump,incompetence,-1,1
realDonaldTrump,incompetent,-1,4
realDonaldTrump,incorrect,-1,1
realDonaldTrump,incorrectly,-1,1
realDonaldTrump,incredible,1,12
realDonaldTrump,incredibly,1,2
realDonaldTrump,ineffective,-1,5
realDonaldTrump,innovation,1,2
realDonaldTrump,innovative,1,1
realDonaldTrump,insane,-1,1
realDonaldTrump,insecure,-1,1
realDonaldTrump,insulting,-1,1
realDonaldTrump,intelligent,1,1
realDonaldTrump,interesting,1,9
realDonaldTrump,interests,1,3
realDonaldTrump,irrelevant,-1,5
realDonaldTrump,irresponsible,-1,1
realDonaldTrump,issue,-1,2
realDonaldTrump,issues,-1,2
realDonaldTrump,joke,-1,12
realDonaldTrump,kill,-1,1
realDonaldTrump,killed,-1,14
realDonaldTrump,killer,-1,3
realDonaldTrump,killing,-1,6
realDonaldTrump,knock,-1,3
realDonaldTrump,kudos,1,1
realDonaldTrump,lame,-1,1
realDonaldTrump,laughable,-1,1
realDonaldTrump,laughingstock,-1,1
realDonaldTrump,lead,1,6
realDonaldTrump,leading,1,3
realDonaldTrump,leads,1,5
realDonaldTrump,led,1,3
realDonaldTrump,legendary,1,1
realDonaldTrump,lemon,-1,2
realDonaldTrump,leverage,1,1
realDonaldTrump,liar,-1,3
realDonaldTrump,liars,-1,1
realDonaldTrump,lie,-1,10
realDonaldTrump,lied,-1,4
realDonaldTrump,lies,-1,11
realDonaldTrump,like,1,42
realDonaldTrump,liked,1,3
realDonaldTrump,likes,1,1
realDonaldTrump,logical,1,1
realDonaldTrump,lose,-1,6
realDonaldTrump,loser,-1,1
realDonaldTrump,losers,-1,3
realDonaldTrump,losing,-1,1
realDonaldTrump,loss,-1,2
realDonaldTrump,losses,-1,4
realDonaldTrump,lost,-1,12
realDonaldTrump,love,1,32
realDonaldTrump,loved,1,1
realDonaldTrump,lovely,1,1
realDonaldTrump,loves,1,3
realDonaldTrump,loving,1,1
realDonaldTrump,loyal,1,1
realDonaldTrump,luck,1,2
realDonaldTrump,lucky,1,1
realDonaldTrump,luxurious,1,1
realDonaldTrump,lying,-1,2
realDonaldTrump,magical,1,1
realDonaldTrump,magnificent,1,3
realDonaldTrump,magnificently,1,1
realDonaldTrump,malicious,-1,1
realDonaldTrump,meltdown,-1,1
realDonaldTrump,mess,-1,9
realDonaldTrump,misinformed,-1,1
realDonaldTrump,misleading,-1,1
realDonaldTrump,misrepresent,-1,3
realDonaldTrump,miss,-1,2
realDonaldTrump,missed,-1,3
realDonaldTrump,mistake,-1,1
realDonaldTrump,mistakes,-1,4
realDonaldTrump,mock,-1,2
realDonaldTrump,modern,1,1
realDonaldTrump,murder,-1,2
realDonaldTrump,nasty,-1,4
realDonaldTrump,negative,-1,9
realDonaldTrump,neglected,-1,1
realDonaldTrump,neurotic,-1,3
realDonaldTrump,nice,1,28
realDonaldTrump,nicely,1,1
realDonaldTrump,nonexistent,-1,1
realDonaldTrump,obsolete,-1,1
realDonaldTrump,offensive,-1,1
realDonaldTrump,openly,1,1
realDonaldTrump,opponent,-1,2
realDonaldTrump,oppress,-1,1
realDonaldTrump,optimism,1,1
realDonaldTrump,outrage,-1,1
realDonaldTrump,outraged,-1,1
realDonaldTrump,ovation,1,1
realDonaldTrump,overrated,-1,3
realDonaldTrump,overtaxed,-1,1
realDonaldTrump,panic,-1,1
realDonaldTrump,passion,1,1
realDonaldTrump,pathetic,-1,4
realDonaldTrump,patriot,1,1
realDonaldTrump,peaceful,1,3
realDonaldTrump,penalty,-1,1
realDonaldTrump,perfect,1,2
realDonaldTrump,phony,-1,11
realDonaldTrump,pleased,1,1
realDonaldTrump,poor,-1,5
realDonaldTrump,poorly,-1,3
realDonaldTrump,popular,1,2
realDonaldTrump,positive,1,4
realDonaldTrump,poverty,-1,5
realDonaldTrump,powerful,1,2
realDonaldTrump,praising,1,1
realDonaldTrump,pretty,1,1
realDonaldTrump,problem,-1,2
realDonaldTrump,problems,-1,4
realDonaldTrump,productive,1,3
realDonaldTrump,progress,1,1
realDonaldTrump,promise,1,1
realDonaldTrump,promised,1,1
realDonaldTrump,promising,1,2
realDonaldTrump,promoter,1,1
realDonaldTrump,proper,1,3
realDonaldTrump,properly,1,3
realDonaldTrump,pros,1,1
realDonaldTrump,protect,1,6
realDonaldTrump,protection,1,5
realDonaldTrump,protest,-1,3
realDonaldTrump,proud,1,19
realDonaldTrump,proven,1,6
realDonaldTrump,proves,1,1
realDonaldTrump,puppet,-1,1
realDonaldTrump,puppets,-1,1
realDonaldTrump,pure,1,2
realDonaldTrump,qualified,1,4
realDonaldTrump,racism,-1,1
realDonaldTrump,racist,-1,6
realDonaldTrump,radical,-1,13
realDonaldTrump,raked,-1,1
realDonaldTrump,rant,-1,1
realDonaldTrump,ready,1,4
realDonaldTrump,reckless,-1,1
realDonaldTrump,recommend,1,2
realDonaldTrump,recovery,1,1
realDonaldTrump,reform,1,1
realDonaldTrump,reforms,1,3
realDonaldTrump,refreshing,1,1
realDonaldTrump,refusal,-1,1
realDonaldTrump,refuse,-1,1
realDonaldTrump,refuses,-1,8
realDonaldTrump,regard,1,1
realDonaldTrump,relentless,-1,1
realDonaldTrump,relief,1,1
realDonaldTrump,resignation,-1,1
realDonaldTrump,respect,1,4
realDonaldTrump,respectful,1,1
realDonaldTrump,restored,1,1
realDonaldTrump,rich,1,4
realDonaldTrump,ridiculous,-1,1
realDonaldTrump,right,1,19
realDonaldTrump,rip,-1,1
realDonaldTrump,risk,-1,2
realDonaldTrump,rough,-1,2
realDonaldTrump,rumors,-1,1
realDonaldTrump,rust,-1,1
realDonaldTrump,sabotage,-1,1
realDonaldTrump,sad,-1,22
realDonaldTrump,safe,1,24
realDonaldTrump,sarcasm,-1,1
realDonaldTrump,sass,-1,1
realDonaldTrump,savage,-1,1
realDonaldTrump,savaged,-1,1
realDonaldTrump,scary,-1,1
realDonaldTrump,scratched,-1,1
realDonaldTrump,scream,-1,1
realDonaldTrump,secure,1,1
realDonaldTrump,selfishly,-1,1
realDonaldTrump,sensitive,1,1
realDonaldTrump,shame,-1,3
realDonaldTrump,shoddy,-1,1
realDonaldTrump,sick,-1,3
realDonaldTrump,sickness,-1,1
realDonaldTrump,silent,1,1
realDonaldTrump,slaughter,-1,2
realDonaldTrump,slaughtered,-1,1
realDonaldTrump,smart,1,15
realDonaldTrump,smoothly,1,1
realDonaldTrump,sneak,-1,1
realDonaldTrump,soft,1,2
realDonaldTrump,solid,1,2
realDonaldTrump,sorry,-1,3
realDonaldTrump,spectacular,1,1
realDonaldTrump,steal,-1,1
realDonaldTrump,stealing,-1,1
realDonaldTrump,stimulate,1,1
realDonaldTrump,stolen,-1,2
realDonaldTrump,strain,-1,1
realDonaldTrump,strong,1,12
realDonaldTrump,stronger,1,1
realDonaldTrump,struck,-1,1
realDonaldTrump,stupid,-1,4
realDonaldTrump,stupidest,-1,1
realDonaldTrump,stupidity,-1,3
realDonaldTrump,stupor,-1,1
realDonaldTrump,subvert,-1,1
realDonaldTrump,succeed,1,2
realDonaldTrump,success,1,3
realDonaldTrump,successful,1,4
realDonaldTrump,sue,-1,1
realDonaldTrump,suffered,-1,2
realDonaldTrump,suffering,-1,1
realDonaldTrump,suffers,-1,2
realDonaldTrump,super,1,5
realDonaldTrump,superior,1,1
realDonaldTrump,support,1,43
realDonaldTrump,supported,1,2
realDonaldTrump,supporter,1,2
realDonaldTrump,supporting,1,2
realDonaldTrump,supports,1,5
realDonaldTrump,supreme,1,6
realDonaldTrump,sweetheart,1,1
realDonaldTrump,talent,1,2
realDonaldTrump,talented,1,4
realDonaldTrump,talents,1,1
realDonaldTrump,terrible,-1,13
realDonaldTrump,terribly,-1,2
realDonaldTrump,terrific,1,5
realDonaldTrump,terror,-1,6
realDonaldTrump,terrorism,-1,10
realDonaldTrump,thank,1,308
realDonaldTrump,threat,-1,5
realDonaldTrump,threaten,-1,1
realDonaldTrump,thrill,1,1
realDonaldTrump,thrilled,1,1
realDonaldTrump,tired,-1,3
realDonaldTrump,top,1,8
realDonaldTrump,tough,1,14
realDonaldTrump,tougher,1,1
realDonaldTrump,toughness,-1,1
realDonaldTrump,tragedy,-1,2
realDonaldTrump,tragic,-1,1
realDonaldTrump,trick,-1,1
realDonaldTrump,triumph,1,1
realDonaldTrump,trouble,-1,4
realDonaldTrump,trump,1,254
realDonaldTrump,trust,1,2
realDonaldTrump,trusted,1,1
realDonaldTrump,truthful,1,1
realDonaldTrump,tumble,-1,1
realDonaldTrump,twist,-1,1
realDonaldTrump,unable,-1,5
realDonaldTrump,unacceptable,-1,1
realDonaldTrump,unbelievable,-1,4
realDonaldTrump,undecided,-1,1
realDonaldTrump,underestimate,-1,1
realDonaldTrump,undermines,-1,1
realDonaldTrump,unfairly,-1,1
realDonaldTrump,unfit,-1,6
realDonaldTrump,unfortunately,-1,1
realDonaldTrump,unhappy,-1,1
realDonaldTrump,unity,1,5
realDonaldTrump,unpredictable,-1,1
realDonaldTrump,unqualified,-1,1
realDonaldTrump,unreal,1,1
realDonaldTrump,unrelenting,-1,1
realDonaldTrump,unrest,-1,1
realDonaldTrump,untrue,-1,1
realDonaldTrump,unwatchable,-1,2
realDonaldTrump,upset,-1,1
realDonaldTrump,vibrant,1,1
realDonaldTrump,vice,-1,6
realDonaldTrump,vicious,-1,4
realDonaldTrump,viciously,-1,3
realDonaldTrump,victory,1,8
realDonaldTrump,vigilance,1,1
realDonaldTrump,vigilant,1,3
realDonaldTrump,violent,-1,4
realDonaldTrump,virtue,1,1
realDonaldTrump,visionary,1,1
realDonaldTrump,warm,1,1
realDonaldTrump,warned,-1,1
realDonaldTrump,warped,-1,1
realDonaldTrump,waste,-1,3
realDonaldTrump,wasting,-1,2
realDonaldTrump,weak,-1,11
realDonaldTrump,weakness,-1,6
realDonaldTrump,welcome,1,3
realDonaldTrump,well,1,18
realDonaldTrump,wild,-1,5
realDonaldTrump,willing,1,2
realDonaldTrump,wimpy,-1,1
realDonaldTrump,win,1,33
realDonaldTrump,winner,1,5
realDonaldTrump,winning,1,7
realDonaldTrump,wins,1,4
realDonaldTrump,won,1,17
realDonaldTrump,wonder,1,2
realDonaldTrump,wonderful,1,23
realDonaldTrump,wonderfully,1,1
realDonaldTrump,work,1,17
realDonaldTrump,worried,-1,2
realDonaldTrump,worse,-1,11
realDonaldTrump,worst,-1,10
realDonaldTrump,worth,1,1
realDonaldTrump,wounds,-1,1
realDonaldTrump,wow,1,29
realDonaldTrump,wrong,-1,14
